,RandomForest,LightGBM,Rede Neural
0,"{'precision': 0.42028985507246375, 'recall': 0.5178571428571429, 'f1-score': 0.464, 'support': 56.0}","{'precision': 0.4032258064516129, 'recall': 0.44642857142857145, 'f1-score': 0.423728813559322, 'support': 56.0}","{'precision': 0.48695652173913045, 'recall': 1.0, 'f1-score': 0.6549707602339181, 'support': 56.0}"
1,"{'precision': 0.41304347826086957, 'recall': 0.3220338983050847, 'f1-score': 0.3619047619047619, 'support': 59.0}","{'precision': 0.41509433962264153, 'recall': 0.3728813559322034, 'f1-score': 0.39285714285714285, 'support': 59.0}","{'precision': 0.0, 'recall': 0.0, 'f1-score': 0.0, 'support': 59.0}"
accuracy,0.41739130434782606,0.40869565217391307,0.48695652173913045
macro avg,"{'precision': 0.41666666666666663, 'recall': 0.4199455205811138, 'f1-score': 0.41295238095238096, 'support': 115.0}","{'precision': 0.4091600730371272, 'recall': 0.40965496368038745, 'f1-score': 0.4082929782082324, 'support': 115.0}","{'precision': 0.24347826086956523, 'recall': 0.5, 'f1-score': 0.32748538011695905, 'support': 115.0}"
weighted avg,"{'precision': 0.41657214870825454, 'recall': 0.41739130434782606, 'f1-score': 0.4116207039337474, 'support': 115.0}","{'precision': 0.4093148799915319, 'recall': 0.40869565217391307, 'f1-score': 0.40789030424255185, 'support': 115.0}","{'precision': 0.23712665406427225, 'recall': 0.48695652173913045, 'f1-score': 0.3189422832443427, 'support': 115.0}"
